Workbook

Sheet BD_Alumnos
A1: Alumno | B1: Grado | C1: LEN: Tareas | D1: LEN: Trabajos | E1: LEN: Asist. | F1: LEN: Part. | G1: LEN: Cond. | H1: LEN: Examen | I1: SAB: Tareas | J1: SAB: Trabajos | K1: SAB: Asist. | L1: SAB: Part. | M1: SAB: Cond. | N1: SAB: Examen | O1: ETI: Tareas | P1: ETI: Trabajos | Q1: ETI: Asist. | R1: ETI: Part. | S1: ETI: Cond. | T1: ETI: Examen | U1: HUM: Tareas | V1: HUM: Trabajos | W1: HUM: Asist. | X1: HUM: Part. | Y1: HUM: Cond. | Z1: HUM: Examen | AA1: Cuaderno: Orden/limpieza | AB1: Cuaderno: Fecha | AC1: Cuaderno: Título | AD1: Cuaderno: Letra | AE1: Cuaderno: Mayús/Minús | AF1: Cuaderno: Signos | AG1: Cuaderno: Acentuación | AH1: Cuaderno: Buen estado | AI1: Cuaderno: Orden proyecto | AJ1: Cuaderno: Margen | AK1: Lectura: PPM | AL1: Lectura: Comprensión | AM1: Mates: Suma | AN1: Mates: Resta | AO1: Mates: Multiplicación | AP1: Mates: División | AQ1: Mates: Fracciones | AR1: Mates: Tablas | AS1: Mates: Lectura y Escritura Cant | AT1: Problemas matemáticos | AU1: Trabajo Diario | AV1: Fortalezas | AW1: Áreas de Oportunidad
A2: VALOR MÁXIMO DEL TRIMESTRE ➡ | B2: --- | C2: 5 | D2: 8 | E2: 21 | F2: 10 | G2: 10 | H2: 20 | I2: 5 | J2: 13 | K2: 21 | L2: 10 | M2: 10 | N2: 22 | O2: 1 | P2: 5 | Q2: 21 | R2: 10 | S2: 10 | T2: 17 | U2: 1 | V2: 3 | W2: 21 | X2: 10 | Y2: 10 | Z2: 16
A3: MARCELA DE LA CRUZ CARRILLO | B3: 4° | C3: 3 | D3: 7 | E3: 17 | F3: 6 | G3: 8 | H3: 11 | I3: 3 | J3: 12 | K3: 17 | L3: 6 | M3: 7 | N3: 7 | O3: 1 | P3: 4 | Q3: 17 | R3: 6 | S3: 7 | T3: 5 | U3: 1 | V3: 2 | W3: 17 | X3: 6 | Y3: 7 | Z3: 11 | AA3: En proceso | AB3: Logrado | AC3: En proceso | AD3: En proceso | AE3: Logrado | AF3: En proceso | AG3: En proceso | AH3: En proceso | AI3: Requiere apoyo | AJ3: Logrado | AK3: 88 | AL3: Lee bien, puede mejorar | AM3: En proceso | AN3: Requiere apoyo | AO3: Logrado | AP3: En proceso | AQ3: Requiere apoyo | AR3: Requiere apoyo | AS3: Requiere apoyo | AT3: En proceso | AU3: No trae tareas y no termina trabajos en clase | AV3: Creativa Realiza bien las multiplicaciones. Tiene buena fluidez lectora | AW3: Participar más. Se muestra distraida constantemente. Mostrar más disposición para trabajar. Mostrar más exigencia en sus trabajos. Entregar tareas, trabajps y productos finales. Asistir con regularidad a clases.
A4: MARCOS DE LA CRUZ CARRILLO | B4: 4°
A5: RICARDO MUÑIZ PINEDO | B5: 4° | C5: 3 | D5: 7 | E5: 17 | F5: 8 | G5: 6 | H5: 11 | I5: 3 | J5: 11 | K5: 17 | L5: 7 | M5: 6 | N5: 16 | O5: 1 | P5: 3 | Q5: 17 | R5: 7 | S5: 6 | T5: 5 | U5: 1 | V5: 3 | W5: 17 | X5: 7 | Y5: 6 | Z5: 9 | AA5: Requiere apoyo | AB5: Requiere apoyo | AC5: Requiere apoyo | AD5: Requiere apoyo | AE5: Requiere apoyo | AF5: Requiere apoyo | AG5: Requiere apoyo | AH5: Requiere apoyo | AI5: Requiere apoyo | AJ5: Requiere apoyo | AK5: 36 | AL5: Necesario practicar en casa | AM5: Logrado | AN5: Logrado | AO5: En proceso | AP5: Logrado | AQ5: En proceso | AR5: En proceso | AS5: Requiere apoyo | AT5: En proceso | AU5: No trae tareas y no termina trabajos en clase | AV5: Tiene buen dominio en operaciones matematicas | AW5: Participar más. Mostar más disposición para trabajar en equipo. Mostrar más exigencia en sus trabajos y productos a entregar. Tener mejor orden en su cuaderno. Entregar tareas,trabajos y productos finales completos. Asisitir con regularidad a clases. Molesta a sus compañeros constantemente. Mejorar ortografía y caligrafía.
A6: REINA DENISSE ORONIA CASTAÑEDA | B6: 4° | C6: 4 | D6: 7 | E6: 21 | F6: 10 | G6: 9 | H6: 14 | I6: 5 | J6: 13 | K6: 21 | L6: 10 | M6: 10 | N6: 9 | O6: 1 | P6: 5 | Q6: 21 | R6: 10 | S6: 9 | T6: 8 | U6: 1 | V6: 3 | W6: 21 | X6: 10 | Y6: 9 | Z6: 11 | AA6: Logrado | AB6: En proceso | AC6: En proceso | AD6: Logrado | AE6: Logrado | AF6: En proceso | AG6: En proceso | AH6: Logrado | AI6: Logrado | AJ6: Logrado | AK6: 95 | AL6: Lee bien, puede mejorar | AM6: En proceso | AN6: En proceso | AO6: Logrado | AP6: En proceso | AQ6: En proceso | AR6: En proceso | AS6: En proceso | AT6: En proceso | AU6: Cumple con tareas y pone empeño | AV6: Creativa Disposición a ayudara sus compañeros cuando lo requieren Demuestra compromiso con su aprendizaje Responsable Autónoma | AW6: Trabajar ortografía. Mejorar la comprensión lectora y resolución de problemas matemáticos
A7: KENYA CERVANTES RODRIGUEZ | B7: 5° | C7: 5 | D7: 8 | E7: 21 | F7: 10 | G7: 10 | H7: 9 | I7: 5 | J7: 13 | K7: 20 | L7: 10 | M7: 9 | N7: 12 | O7: 1 | P7: 5 | Q7: 21 | R7: 10 | S7: 10 | T7: 1 | U7: 1 | V7: 3 | W7: 20 | X7: 10 | Y7: 9 | Z7: 10 | AA7: En proceso | AB7: En proceso | AC7: En proceso | AD7: En proceso | AE7: Requiere apoyo | AF7: Requiere apoyo | AG7: Requiere apoyo | AH7: En proceso | AI7: En proceso | AJ7: En proceso | AK7: 83 | AL7: Necesario practicar en casa | AM7: En proceso | AN7: Requiere apoyo | AO7: Requiere apoyo | AP7: Requiere apoyo | AQ7: En proceso | AR7: En proceso | AS7: Requiere apoyo | AT7: En proceso | AU7: Cumple con tareas y pone empeño | AV7: Ayuda a sus compañeros cuando lo requieren Creativa Participativa Es autónoma Muestra disposición para trabajar en equipo Cumple con la mayoría de sus tareas Culmina los trabajos elaborados durante la clase Muestra interés y disposición para aprender. | AW7: Mejorar la calidad de sus trabajos. Tener mejor orden en sus cuadernos. Trabajar comprensión y fluidez lectora. Caligrafía y ortografria
A8: KAROLINA LOPEZ LOPEZ | B8: 5° | C8: 5 | D8: 8 | E8: 21 | F8: 10 | G8: 10 | H8: 11 | I8: 5 | J8: 13 | K8: 21 | L8: 10 | M8: 10 | N8: 14 | O8: 1 | P8: 5 | Q8: 21 | R8: 10 | S8: 10 | T8: 9 | U8: 1 | V8: 3 | W8: 21 | X8: 10 | Y8: 10 | Z8: 11 | AA8: Logrado | AB8: Logrado | AC8: Logrado | AD8: Logrado | AE8: Logrado | AF8: En proceso | AG8: En proceso | AH8: Logrado | AI8: Logrado | AJ8: Logrado | AK8: 118 | AL8: Lee bien, puede mejorar | AM8: Logrado | AN8: En proceso | AO8: Logrado | AP8: En proceso | AQ8: En proceso | AR8: Logrado | AS8: Logrado | AT8: En proceso | AU8: Entrega trabajos en tiempo y orden. ¡Felicidades! | AV8: Es responsable con sus tareas y trabajos escolares. Muestra interés y disposición para aprender. Es autónoma en la realización de actividades. Demuestra compromiso con su aprendizaje. Muestra exigencia en sus trabajos y productos a entregar. Es participativa. Creativa. Buena fluidez y comprensión lectora Dominio de operaciones básicas
A9: SARAH MUÑIZ ORONIA | B9: 5° | C9: 5 | D9: 8 | E9: 21 | F9: 9 | G9: 9 | H9: 13 | I9: 5 | J9: 12 | K9: 21 | L9: 9 | M9: 9 | N9: 14 | O9: 1 | P9: 5 | Q9: 21 | R9: 9 | S9: 9 | T9: 11 | U9: 1 | V9: 3 | W9: 21 | X9: 9 | Y9: 9 | Z9: 11 | AA9: Logrado | AB9: Logrado | AC9: Logrado | AD9: En proceso | AE9: En proceso | AF9: En proceso | AG9: Requiere apoyo | AH9: Logrado | AI9: Logrado | AJ9: Logrado | AK9: 56 | AL9: Necesario practicar en casa | AM9: En proceso | AN9: Requiere apoyo | AO9: En proceso | AP9: Requiere apoyo | AQ9: En proceso | AR9: En proceso | AS9: En proceso | AT9: En proceso | AU9: Cumple con tareas y pone empeño | AV9: Ayuda a sus compañeros cuando lo requieren Creativa Participativa Es autónoma Muestra disposición para trabajar en equipo Cumple con la mayoría de sus tareas Culmina los trabajos elaborados durante la clase Muestra interés y disposición para aprender. | AW9: Mejorar caligrafía y ortigrafía. Fluidez y comprensión lectora. Resolución de problemas matemáticos. Mostrar más exigencia en la calidad de sus trabajos. Platica mucho
A10: CRISTOPHER ORONIA CRUZ | B10: 5° | C10: 5 | D10: 8 | E10: 21 | F10: 9 | G10: 7 | H10: 9 | I10: 4 | J10: 13 | K10: 21 | L10: 9 | M10: 8 | N10: 15 | O10: 1 | P10: 5 | Q10: 21 | R10: 9 | S10: 8 | T10: 9 | U10: 1 | V10: 2 | W10: 21 | X10: 9 | Y10: 8 | Z10: 12 | AA10: En proceso | AB10: En proceso | AC10: En proceso | AD10: Requiere apoyo | AE10: En proceso | AF10: Requiere apoyo | AG10: Requiere apoyo | AH10: En proceso | AI10: En proceso | AJ10: En proceso | AK10: 103 | AL10: Lee bien, puede mejorar | AM10: Logrado | AN10: En proceso | AO10: En proceso | AP10: Requiere apoyo | AQ10: En proceso | AR10: En proceso | AS10: En proceso | AT10: Requiere apoyo | AU10: "Es responsable, pero debe mejorar calidad" | AV10: Disposición para aprender Autónomo Ayuda a sus compañeros cuando lo requieren Muestra disposición e interés para aprender | AW10: Mejorar caligrafía y ortigrafía. Fluidez y comprensión lectora. Resolución de problemas matemáticos. Mostrar más exigencia en la calidad de sus trabajos.
A11: RENE GUADALUPE ORONIA MUÑIZ | B11: 5° | C11: 5 | D11: 8 | E11: 21 | F11: 10 | G11: 9 | H11: 11 | I11: 5 | J11: 13 | K11: 21 | L11: 9 | M11: 9 | N11: 17 | O11: 1 | P11: 4 | Q11: 21 | R11: 9 | S11: 9 | T11: 12 | U11: 1 | V11: 2 | W11: 21 | X11: 9 | Y11: 9 | Z11: 14 | AA11: Logrado | AB11: Logrado | AC11: Logrado | AD11: En proceso | AE11: Logrado | AF11: En proceso | AG11: En proceso | AH11: En proceso | AI11: En proceso | AJ11: Logrado | AK11: 52 | AL11: Lee bien, puede mejorar | AM11: Logrado | AN11: Logrado | AO11: En proceso | AP11: Logrado | AQ11: En proceso | AR11: Logrado | AS11: En proceso | AT11: Requiere apoyo | AU11: "Es responsable, pero debe mejorar calidad" | AV11: Disposición para aprender Autónomo Ayuda a sus compañeros cuando lo requieren Resolución de problemas y operaciones basicas matemáticas Muestra disposición e interés para aprender | AW11: Cuidar la limpieza de sus trabajos y cuadenos . Mejorar la caligrafía y ortografía.
A12: MONICA NICOLE UTRERA ORONIA | B12: 5° | C12: 5 | D12: 8 | E12: 19 | F12: 9 | G12: 10 | H12: 11 | I12: 5 | J12: 13 | K12: 19 | L12: 9 | M12: 10 | N12: 13 | O12: 1 | P12: 5 | Q12: 19 | R12: 9 | S12: 10 | T12: 10 | U12: 1 | V12: 3 | W12: 19 | X12: 9 | Y12: 10 | Z12: 11 | AA12: Logrado | AB12: Logrado | AC12: Logrado | AD12: Logrado | AE12: Logrado | AF12: Logrado | AG12: En proceso | AH12: Logrado | AI12: Logrado | AJ12: Logrado | AK12: 113 | AL12: Lee bien, puede mejorar | AM12: Logrado | AN12: Logrado | AO12: Logrado | AP12: Logrado | AQ12: En proceso | AR12: Logrado | AS12: En proceso | AT12: En proceso | AU12: Entrega trabajos en tiempo y orden. ¡Felicidades! | AV12: Es responsable con sus tareas y trabajos escolares. Muestra interés y disposición para aprender. Es autónoma en la realización de actividades. Demuestra compromiso con su aprendizaje. Muestra exigencia en sus trabajos y productos a entregar. Es participativa. Creativa. Buena fluidez y comprensión lectora
A13: VERONICA CONCHAS CASTAÑEDA | B13: 5° | C13: 5 | D13: 8 | E13: 20 | F13: 8 | G13: 10 | H13: 10 | I13: 5 | J13: 12 | K13: 20 | L13: 8 | M13: 10 | N13: 12 | O13: 1 | P13: 4 | Q13: 20 | R13: 8 | S13: 10 | T13: 12 | U13: 1 | V13: 2 | W13: 20 | X13: 8 | Y13: 10 | Z13: 9 | AA13: Logrado | AB13: En proceso | AC13: Logrado | AD13: Requiere apoyo | AE13: En proceso | AF13: En proceso | AG13: Requiere apoyo | AH13: Logrado | AI13: En proceso | AJ13: En proceso | AK13: 113 | AL13: Lee bien, puede mejorar | AM13: En proceso | AN13: En proceso | AO13: Requiere apoyo | AP13: Requiere apoyo | AQ13: En proceso | AR13: Requiere apoyo | AS13: Requiere apoyo | AT13: Requiere apoyo | AU13: Cumple con tareas y pone empeño | AV13: Creativa Muestra interés y disposición para aprender Responsable con tareas | AW13: Terminar trabajos en clase. Mejorar caligrafía y ortografia. Trabajar resolución de problemas matematicos, operaciones basicas y comprensión lectora. Participar más
A14: DANNIA AILYN CAMACHO GALLEGOS | B14: 6° | C14: 5 | D14: 8 | E14: 21 | F14: 10 | G14: 9 | H14: 15 | I14: 5 | J14: 13 | K14: 21 | L14: 10 | M14: 9 | N14: 18 | O14: 1 | P14: 5 | Q14: 21 | R14: 10 | S14: 9 | T14: 12 | U14: 1 | V14: 3 | W14: 21 | X14: 10 | Y14: 9 | Z14: 14 | AA14: Logrado | AB14: En proceso | AC14: Logrado | AD14: En proceso | AE14: Logrado | AF14: En proceso | AG14: En proceso | AH14: Logrado | AI14: Logrado | AJ14: Logrado | AK14: 112 | AL14: Muy bueno ¡Felicidades! | AM14: Logrado | AN14: Logrado | AO14: En proceso | AP14: Logrado | AQ14: En proceso | AR14: Logrado | AS14: En proceso | AT14: En proceso | AU14: Entrega trabajos en tiempo y orden. ¡Felicidades! | AV14: Es responsable con sus tareas y trabajos escolares. Muestra interés y disposición para aprender. Es autónoma en la realización de actividades. Demuestra compromiso con su aprendizaje. Muestra exigencia en sus trabajos y productos a entregar. Es participativa. Creativa. Buena fluidez y comprensión lectora Autónoma Dominio de operaciones básicas | AW14: Trabajar comprensión lectora, ortografía y operaciones basicas en fracciones y multiplicaciones
A15: SIXTO DE LA CRUZ CARRILLO | B15: 6°
A16: LILIANA CRUZ GRACIANO | B16: 6° | C16: 5 | D16: 8 | E16: 21 | F16: 9 | G16: 10 | H16: 17 | I16: 5 | J16: 13 | K16: 21 | L16: 9 | M16: 10 | N16: 18 | O16: 1 | P16: 5 | Q16: 21 | R16: 10 | S16: 10 | T16: 14 | U16: 1 | V16: 3 | W16: 21 | X16: 9 | Y16: 10 | Z16: 14 | AA16: Logrado | AB16: Logrado | AC16: Logrado | AD16: Logrado | AE16: Logrado | AF16: Logrado | AG16: Logrado | AH16: Logrado | AI16: Logrado | AJ16: Logrado | AK16: 122 | AL16: Lee bien, puede mejorar | AM16: Logrado | AN16: Logrado | AO16: En proceso | AP16: Logrado | AQ16: Logrado | AR16: Logrado | AS16: Logrado | AT16: En proceso | AU16: Entrega trabajos en tiempo y orden. ¡Felicidades! | AV16: Es responsable con sus tareas y trabajos escolares. Muestra interés y disposición para aprender. Es autónoma en la realización de actividades. Demuestra compromiso con su aprendizaje. Muestra exigencia en sus trabajos y productos a entregar. Es participativa. Creativa. Buena fluidez y comprensión lectora
A17: ADRIAN ALEXANDRO MUÑIZ VELA | B17: 6° | C17: 4 | D17: 8 | E17: 21 | F17: 9 | G17: 7 | H17: 7 | I17: 4 | J17: 11 | K17: 21 | L17: 8 | M17: 6 | N17: 9 | O17: 1 | P17: 5 | Q17: 21 | R17: 8 | S17: 6 | T17: 7 | U17: 1 | V17: 2 | W17: 21 | X17: 7 | Y17: 6 | Z17: 11 | AA17: Requiere apoyo | AB17: En proceso | AC17: En proceso | AD17: Requiere apoyo | AE17: En proceso | AF17: Requiere apoyo | AG17: Requiere apoyo | AH17: Requiere apoyo | AI17: Requiere apoyo | AJ17: En proceso | AK17: 46 | AL17: Necesario practicar en casa | AM17: En proceso | AN17: En proceso | AO17: Requiere apoyo | AP17: En proceso | AQ17: En proceso | AR17: Requiere apoyo | AS17: Requiere apoyo | AT17: Requiere apoyo | AU17: No trae tareas y no termina trabajos en clase | AV17: Ayuda a sus compañeros cuando lo requieren | AW17: Cumplimiento de tareas y trabajos. Mejorar la calidad de sus trabajos. Caligrafía y Ortografía. Fluidez y comprensión lectora. Mostrar más disposición para la realización de las actividades. Participar más. Distraido. Dominio de resolución de problemas matemáticos
A18: SANTIAGO VELA CONCHAS | B18: 6° | C18: 4 | D18: 8 | E18: 21 | F18: 10 | G18: 7 | H18: 14 | I18: 5 | J18: 11 | K18: 21 | L18: 9 | M18: 6 | N18: 14 | O18: 1 | P18: 4 | Q18: 21 | R18: 10 | S18: 6 | T18: 11 | U18: 1 | V18: 3 | W18: 21 | X18: 10 | Y18: 6 | Z18: 10 | AA18: En proceso | AB18: En proceso | AC18: En proceso | AD18: Requiere apoyo | AE18: Logrado | AF18: En proceso | AG18: Requiere apoyo | AH18: En proceso | AI18: En proceso | AJ18: Logrado | AK18: 107 | AL18: Muy bueno ¡Felicidades! | AM18: En proceso | AN18: En proceso | AO18: En proceso | AP18: Requiere apoyo | AQ18: En proceso | AR18: En proceso | AS18: Requiere apoyo | AT18: Requiere apoyo | AU18: No trae tareas y no termina trabajos en clase | AV18: Resolución de problemas y operaciones matemáticas básicas Es participativo | AW18: Mostrar más exigencia en la elaboración de sus trabajos. Mejorar caligrafía y ortografía. Hábitos en sus trabajos como poner titulo, fecha y nombre. Requiere mayor orden en su material escolar y espacio de trabajo. Mostrar más respeto a sus comapñeros. Platica mucho y esta fuera de su lugar constantemente distrayendo a sus compañeros
A19: EJEMPLO | B19: 6° | C19: 1 | D19: 6 | E19: 15 | F19: 10 | G19: 6 | H19: 11

Sheet Plantilla_Reporte
A1: REPORTE TRIMESTRAL DE EVALUACIÓN
A4: NOMBRE DEL ALUMNO: | C4: EJEMPLO
A6: 1. DESEMPEÑO CONTINUO (70%) Y EXÁMENES (30%)
A7: CRITERIOS | B7: Lenguajes | C7: Saberes y P. Científico | D7: Ética, Nat. y Sociedades | E7: De lo Humano y Com.
A8: Tareas (25%) | B8: {=IF(ISBLANK($C$4), "", IF(VLOOKUP($C$4, BD_Alumnos!$A:$BA, 3, FALSE)="", "-", IFERROR(ROUND(IFERROR((VLOOKUP($C$4, BD_Alumnos!$A:$BA, 3, FALSE)/INDEX(BD_Alumnos!$2:$2, 1, 3))*25, 0), 1) & "%", "-")))} -> 5% | C8: {=IF(ISBLANK($C$4), "", IF(VLOOKUP($C$4, BD_Alumnos!$A:$BA, 9, FALSE)="", "-", IFERROR(ROUND(IFERROR((VLOOKUP($C$4, BD_Alumnos!$A:$BA, 9, FALSE)/INDEX(BD_Alumnos!$2:$2, 1, 9))*25, 0), 1) & "%", "-")))} -> - | D8: {=IF(ISBLANK($C$4), "", IF(VLOOKUP($C$4, BD_Alumnos!$A:$BA, 15, FALSE)="", "-", IFERROR(ROUND(IFERROR((VLOOKUP($C$4, BD_Alumnos!$A:$BA, 15, FALSE)/INDEX(BD_Alumnos!$2:$2, 1, 15))*25, 0), 1) & "%", "-")))} -> - | E8: {=IF(ISBLANK($C$4), "", IF(VLOOKUP($C$4, BD_Alumnos!$A:$BA, 21, FALSE)="", "-", IFERROR(ROUND(IFERROR((VLOOKUP($C$4, BD_Alumnos!$A:$BA, 21, FALSE)/INDEX(BD_Alumnos!$2:$2, 1, 21))*25, 0), 1) & "%", "-")))} -> -
A9: Trabajos (25%) | B9: {=IF(ISBLANK($C$4), "", IF(VLOOKUP($C$4, BD_Alumnos!$A:$BA, 4, FALSE)="", "-", IFERROR(ROUND(IFERROR((VLOOKUP($C$4, BD_Alumnos!$A:$BA, 4, FALSE)/INDEX(BD_Alumnos!$2:$2, 1, 4))*25, 0), 1) & "%", "-")))} -> 18.8% | C9: {=IF(ISBLANK($C$4), "", IF(VLOOKUP($C$4, BD_Alumnos!$A:$BA, 10, FALSE)="", "-", IFERROR(ROUND(IFERROR((VLOOKUP($C$4, BD_Alumnos!$A:$BA, 10, FALSE)/INDEX(BD_Alumnos!$2:$2, 1, 10))*25, 0), 1) & "%", "-")))} -> - | D9: {=IF(ISBLANK($C$4), "", IF(VLOOKUP($C$4, BD_Alumnos!$A:$BA, 16, FALSE)="", "-", IFERROR(ROUND(IFERROR((VLOOKUP($C$4, BD_Alumnos!$A:$BA, 16, FALSE)/INDEX(BD_Alumnos!$2:$2, 1, 16))*25, 0), 1) & "%", "-")))} -> - | E9: {=IF(ISBLANK($C$4), "", IF(VLOOKUP($C$4, BD_Alumnos!$A:$BA, 22, FALSE)="", "-", IFERROR(ROUND(IFERROR((VLOOKUP($C$4, BD_Alumnos!$A:$BA, 22, FALSE)/INDEX(BD_Alumnos!$2:$2, 1, 22))*25, 0), 1) & "%", "-")))} -> -
A10: Asistencia (10%) | B10: {=IF(ISBLANK($C$4), "", IF(VLOOKUP($C$4, BD_Alumnos!$A:$BA, 5, FALSE)="", "-", IFERROR(ROUND(IFERROR((VLOOKUP($C$4, BD_Alumnos!$A:$BA, 5, FALSE)/INDEX(BD_Alumnos!$2:$2, 1, 5))*10, 0), 1) & "%", "-")))} -> 7.1% | C10: {=IF(ISBLANK($C$4), "", IF(VLOOKUP($C$4, BD_Alumnos!$A:$BA, 11, FALSE)="", "-", IFERROR(ROUND(IFERROR((VLOOKUP($C$4, BD_Alumnos!$A:$BA, 11, FALSE)/INDEX(BD_Alumnos!$2:$2, 1, 11))*10, 0), 1) & "%", "-")))} -> - | D10: {=IF(ISBLANK($C$4), "", IF(VLOOKUP($C$4, BD_Alumnos!$A:$BA, 17, FALSE)="", "-", IFERROR(ROUND(IFERROR((VLOOKUP($C$4, BD_Alumnos!$A:$BA, 17, FALSE)/INDEX(BD_Alumnos!$2:$2, 1, 17))*10, 0), 1) & "%", "-")))} -> - | E10: {=IF(ISBLANK($C$4), "", IF(VLOOKUP($C$4, BD_Alumnos!$A:$BA, 23, FALSE)="", "-", IFERROR(ROUND(IFERROR((VLOOKUP($C$4, BD_Alumnos!$A:$BA, 23, FALSE)/INDEX(BD_Alumnos!$2:$2, 1, 23))*10, 0), 1) & "%", "-")))} -> -
A11: Participación (5%) | B11: {=IF(ISBLANK($C$4), "", IF(VLOOKUP($C$4, BD_Alumnos!$A:$BA, 6, FALSE)="", "-", IFERROR(ROUND(IFERROR((VLOOKUP($C$4, BD_Alumnos!$A:$BA, 6, FALSE)/INDEX(BD_Alumnos!$2:$2, 1, 6))*5, 0), 1) & "%", "-")))} -> 5% | C11: {=IF(ISBLANK($C$4), "", IF(VLOOKUP($C$4, BD_Alumnos!$A:$BA, 12, FALSE)="", "-", IFERROR(ROUND(IFERROR((VLOOKUP($C$4, BD_Alumnos!$A:$BA, 12, FALSE)/INDEX(BD_Alumnos!$2:$2, 1, 12))*5, 0), 1) & "%", "-")))} -> - | D11: {=IF(ISBLANK($C$4), "", IF(VLOOKUP($C$4, BD_Alumnos!$A:$BA, 18, FALSE)="", "-", IFERROR(ROUND(IFERROR((VLOOKUP($C$4, BD_Alumnos!$A:$BA, 18, FALSE)/INDEX(BD_Alumnos!$2:$2, 1, 18))*5, 0), 1) & "%", "-")))} -> - | E11: {=IF(ISBLANK($C$4), "", IF(VLOOKUP($C$4, BD_Alumnos!$A:$BA, 24, FALSE)="", "-", IFERROR(ROUND(IFERROR((VLOOKUP($C$4, BD_Alumnos!$A:$BA, 24, FALSE)/INDEX(BD_Alumnos!$2:$2, 1, 24))*5, 0), 1) & "%", "-")))} -> -
A12: Conducta (5%) | B12: {=IF(ISBLANK($C$4), "", IF(VLOOKUP($C$4, BD_Alumnos!$A:$BA, 7, FALSE)="", "-", IFERROR(ROUND(IFERROR((VLOOKUP($C$4, BD_Alumnos!$A:$BA, 7, FALSE)/INDEX(BD_Alumnos!$2:$2, 1, 7))*5, 0), 1) & "%", "-")))} -> 3% | C12: {=IF(ISBLANK($C$4), "", IF(VLOOKUP($C$4, BD_Alumnos!$A:$BA, 13, FALSE)="", "-", IFERROR(ROUND(IFERROR((VLOOKUP($C$4, BD_Alumnos!$A:$BA, 13, FALSE)/INDEX(BD_Alumnos!$2:$2, 1, 13))*5, 0), 1) & "%", "-")))} -> - | D12: {=IF(ISBLANK($C$4), "", IF(VLOOKUP($C$4, BD_Alumnos!$A:$BA, 19, FALSE)="", "-", IFERROR(ROUND(IFERROR((VLOOKUP($C$4, BD_Alumnos!$A:$BA, 19, FALSE)/INDEX(BD_Alumnos!$2:$2, 1, 19))*5, 0), 1) & "%", "-")))} -> - | E12: {=IF(ISBLANK($C$4), "", IF(VLOOKUP($C$4, BD_Alumnos!$A:$BA, 25, FALSE)="", "-", IFERROR(ROUND(IFERROR((VLOOKUP($C$4, BD_Alumnos!$A:$BA, 25, FALSE)/INDEX(BD_Alumnos!$2:$2, 1, 25))*5, 0), 1) & "%", "-")))} -> -
A13: EXAMEN (30%) | B13: {=IF(ISBLANK($C$4), "", IF(VLOOKUP($C$4, BD_Alumnos!$A:$BA, 8, FALSE)="", "-", IFERROR(ROUND(IFERROR((VLOOKUP($C$4, BD_Alumnos!$A:$BA, 8, FALSE)/INDEX(BD_Alumnos!$2:$2, 1, 8))*30, 0), 1) & "%", "-")))} -> 16.5% | C13: {=IF(ISBLANK($C$4), "", IF(VLOOKUP($C$4, BD_Alumnos!$A:$BA, 14, FALSE)="", "-", IFERROR(ROUND(IFERROR((VLOOKUP($C$4, BD_Alumnos!$A:$BA, 14, FALSE)/INDEX(BD_Alumnos!$2:$2, 1, 14))*30, 0), 1) & "%", "-")))} -> - | D13: {=IF(ISBLANK($C$4), "", IF(VLOOKUP($C$4, BD_Alumnos!$A:$BA, 20, FALSE)="", "-", IFERROR(ROUND(IFERROR((VLOOKUP($C$4, BD_Alumnos!$A:$BA, 20, FALSE)/INDEX(BD_Alumnos!$2:$2, 1, 20))*30, 0), 1) & "%", "-")))} -> - | E13: {=IF(ISBLANK($C$4), "", IF(VLOOKUP($C$4, BD_Alumnos!$A:$BA, 26, FALSE)="", "-", IFERROR(ROUND(IFERROR((VLOOKUP($C$4, BD_Alumnos!$A:$BA, 26, FALSE)/INDEX(BD_Alumnos!$2:$2, 1, 26))*30, 0), 1) & "%", "-")))} -> -
A14: CALIFICACIÓN TOTAL (100%) | B14: {=IF(ISBLANK($C$4), "", ROUND(IFERROR(IF(VLOOKUP($C$4, BD_Alumnos!$A:$BA, 3, FALSE)="", 0, (VLOOKUP($C$4, BD_Alumnos!$A:$BA, 3, FALSE)/INDEX(BD_Alumnos!$2:$2, 1, 3))*25), 0)+IFERROR(IF(VLOOKUP($C$4, BD_Alumnos!$A:$BA, 4, FALSE)="", 0, (VLOOKUP($C$4, BD_Alumnos!$A:$BA, 4, FALSE)/INDEX(BD_Alumnos!$2:$2, 1, 4))*25), 0)+IFERROR(IF(VLOOKUP($C$4, BD_Alumnos!$A:$BA, 5, FALSE)="", 0, (VLOOKUP($C$4, BD_Alumnos!$A:$BA, 5, FALSE)/INDEX(BD_Alumnos!$2:$2, 1, 5))*10), 0)+IFERROR(IF(VLOOKUP($C$4, BD_Alumnos!$A:$BA, 6, FALSE)="", 0, (VLOOKUP($C$4, BD_Alumnos!$A:$BA, 6, FALSE)/INDEX(BD_Alumnos!$2:$2, 1, 6))*5), 0)+IFERROR(IF(VLOOKUP($C$4, BD_Alumnos!$A:$BA, 7, FALSE)="", 0, (VLOOKUP($C$4, BD_Alumnos!$A:$BA, 7, FALSE)/INDEX(BD_Alumnos!$2:$2, 1, 7))*5), 0)+IFERROR(IF(VLOOKUP($C$4, BD_Alumnos!$A:$BA, 8, FALSE)="", 0, (VLOOKUP($C$4, BD_Alumnos!$A:$BA, 8, FALSE)/INDEX(BD_Alumnos!$2:$2, 1, 8))*30), 0), 1) & "%")} -> 55.4% | C14: {=IF(ISBLANK($C$4), "", ROUND(IFERROR(IF(VLOOKUP($C$4, BD_Alumnos!$A:$BA, 9, FALSE)="", 0, (VLOOKUP($C$4, BD_Alumnos!$A:$BA, 9, FALSE)/INDEX(BD_Alumnos!$2:$2, 1, 9))*25), 0)+IFERROR(IF(VLOOKUP($C$4, BD_Alumnos!$A:$BA, 10, FALSE)="", 0, (VLOOKUP($C$4, BD_Alumnos!$A:$BA, 10, FALSE)/INDEX(BD_Alumnos!$2:$2, 1, 10))*25), 0)+IFERROR(IF(VLOOKUP($C$4, BD_Alumnos!$A:$BA, 11, FALSE)="", 0, (VLOOKUP($C$4, BD_Alumnos!$A:$BA, 11, FALSE)/INDEX(BD_Alumnos!$2:$2, 1, 11))*10), 0)+IFERROR(IF(VLOOKUP($C$4, BD_Alumnos!$A:$BA, 12, FALSE)="", 0, (VLOOKUP($C$4, BD_Alumnos!$A:$BA, 12, FALSE)/INDEX(BD_Alumnos!$2:$2, 1, 12))*5), 0)+IFERROR(IF(VLOOKUP($C$4, BD_Alumnos!$A:$BA, 13, FALSE)="", 0, (VLOOKUP($C$4, BD_Alumnos!$A:$BA, 13, FALSE)/INDEX(BD_Alumnos!$2:$2, 1, 13))*5), 0)+IFERROR(IF(VLOOKUP($C$4, BD_Alumnos!$A:$BA, 14, FALSE)="", 0, (VLOOKUP($C$4, BD_Alumnos!$A:$BA, 14, FALSE)/INDEX(BD_Alumnos!$2:$2, 1, 14))*30), 0), 1) & "%")} -> 0% | D14: {=IF(ISBLANK($C$4), "", ROUND(IFERROR(IF(VLOOKUP($C$4, BD_Alumnos!$A:$BA, 15, FALSE)="", 0, (VLOOKUP($C$4, BD_Alumnos!$A:$BA, 15, FALSE)/INDEX(BD_Alumnos!$2:$2, 1, 15))*25), 0)+IFERROR(IF(VLOOKUP($C$4, BD_Alumnos!$A:$BA, 16, FALSE)="", 0, (VLOOKUP($C$4, BD_Alumnos!$A:$BA, 16, FALSE)/INDEX(BD_Alumnos!$2:$2, 1, 16))*25), 0)+IFERROR(IF(VLOOKUP($C$4, BD_Alumnos!$A:$BA, 17, FALSE)="", 0, (VLOOKUP($C$4, BD_Alumnos!$A:$BA, 17, FALSE)/INDEX(BD_Alumnos!$2:$2, 1, 17))*10), 0)+IFERROR(IF(VLOOKUP($C$4, BD_Alumnos!$A:$BA, 18, FALSE)="", 0, (VLOOKUP($C$4, BD_Alumnos!$A:$BA, 18, FALSE)/INDEX(BD_Alumnos!$2:$2, 1, 18))*5), 0)+IFERROR(IF(VLOOKUP($C$4, BD_Alumnos!$A:$BA, 19, FALSE)="", 0, (VLOOKUP($C$4, BD_Alumnos!$A:$BA, 19, FALSE)/INDEX(BD_Alumnos!$2:$2, 1, 19))*5), 0)+IFERROR(IF(VLOOKUP($C$4, BD_Alumnos!$A:$BA, 20, FALSE)="", 0, (VLOOKUP($C$4, BD_Alumnos!$A:$BA, 20, FALSE)/INDEX(BD_Alumnos!$2:$2, 1, 20))*30), 0), 1) & "%")} -> 0% | E14: {=IF(ISBLANK($C$4), "", ROUND(IFERROR(IF(VLOOKUP($C$4, BD_Alumnos!$A:$BA, 21, FALSE)="", 0, (VLOOKUP($C$4, BD_Alumnos!$A:$BA, 21, FALSE)/INDEX(BD_Alumnos!$2:$2, 1, 21))*25), 0)+IFERROR(IF(VLOOKUP($C$4, BD_Alumnos!$A:$BA, 22, FALSE)="", 0, (VLOOKUP($C$4, BD_Alumnos!$A:$BA, 22, FALSE)/INDEX(BD_Alumnos!$2:$2, 1, 22))*25), 0)+IFERROR(IF(VLOOKUP($C$4, BD_Alumnos!$A:$BA, 23, FALSE)="", 0, (VLOOKUP($C$4, BD_Alumnos!$A:$BA, 23, FALSE)/INDEX(BD_Alumnos!$2:$2, 1, 23))*10), 0)+IFERROR(IF(VLOOKUP($C$4, BD_Alumnos!$A:$BA, 24, FALSE)="", 0, (VLOOKUP($C$4, BD_Alumnos!$A:$BA, 24, FALSE)/INDEX(BD_Alumnos!$2:$2, 1, 24))*5), 0)+IFERROR(IF(VLOOKUP($C$4, BD_Alumnos!$A:$BA, 25, FALSE)="", 0, (VLOOKUP($C$4, BD_Alumnos!$A:$BA, 25, FALSE)/INDEX(BD_Alumnos!$2:$2, 1, 25))*5), 0)+IFERROR(IF(VLOOKUP($C$4, BD_Alumnos!$A:$BA, 26, FALSE)="", 0, (VLOOKUP($C$4, BD_Alumnos!$A:$BA, 26, FALSE)/INDEX(BD_Alumnos!$2:$2, 1, 26))*30), 0), 1) & "%")} -> 0%
A16: SIMBOLOGÍA DE EVALUACIÓN: | B16: ● Logrado | C16: ● En Proceso | D16: ● Requiere Apoyo
A18: 2. REVISIÓN DE CUADERNO
A19: Orden y limpieza: | B19: =IF(ISBLANK($C$4), "", IFS(VLOOKUP($C$4, BD_Alumnos!$A:$BA, 27, FALSE)="Logrado", " ● ", VLOOKUP($C$4, BD_Alumnos!$A:$BA, 27, FALSE)="En proceso", " ● ", VLOOKUP($C$4, BD_Alumnos!$A:$BA, 27, FALSE)="Requiere apoyo", " ● ", TRUE, "-")) -> - | C19: Signos de puntuación: | E19: =IF(ISBLANK($C$4), "", IFS(VLOOKUP($C$4, BD_Alumnos!$A:$BA, 32, FALSE)="Logrado", " ● ", VLOOKUP($C$4, BD_Alumnos!$A:$BA, 32, FALSE)="En proceso", " ● ", VLOOKUP($C$4, BD_Alumnos!$A:$BA, 32, FALSE)="Requiere apoyo", " ● ", TRUE, "-")) -> -
A20: Escribe fecha completa: | B20: =IF(ISBLANK($C$4), "", IFS(VLOOKUP($C$4, BD_Alumnos!$A:$BA, 28, FALSE)="Logrado", " ● ", VLOOKUP($C$4, BD_Alumnos!$A:$BA, 28, FALSE)="En proceso", " ● ", VLOOKUP($C$4, BD_Alumnos!$A:$BA, 28, FALSE)="Requiere apoyo", " ● ", TRUE, "-")) -> - | C20: Acentuación: | E20: =IF(ISBLANK($C$4), "", IFS(VLOOKUP($C$4, BD_Alumnos!$A:$BA, 33, FALSE)="Logrado", " ● ", VLOOKUP($C$4, BD_Alumnos!$A:$BA, 33, FALSE)="En proceso", " ● ", VLOOKUP($C$4, BD_Alumnos!$A:$BA, 33, FALSE)="Requiere apoyo", " ● ", TRUE, "-")) -> -
A21: Título de actividad: | B21: =IF(ISBLANK($C$4), "", IFS(VLOOKUP($C$4, BD_Alumnos!$A:$BA, 29, FALSE)="Logrado", " ● ", VLOOKUP($C$4, BD_Alumnos!$A:$BA, 29, FALSE)="En proceso", " ● ", VLOOKUP($C$4, BD_Alumnos!$A:$BA, 29, FALSE)="Requiere apoyo", " ● ", TRUE, "-")) -> - | C21: Buen estado de libreta: | E21: =IF(ISBLANK($C$4), "", IFS(VLOOKUP($C$4, BD_Alumnos!$A:$BA, 34, FALSE)="Logrado", " ● ", VLOOKUP($C$4, BD_Alumnos!$A:$BA, 34, FALSE)="En proceso", " ● ", VLOOKUP($C$4, BD_Alumnos!$A:$BA, 34, FALSE)="Requiere apoyo", " ● ", TRUE, "-")) -> -
A22: Letra legible: | B22: =IF(ISBLANK($C$4), "", IFS(VLOOKUP($C$4, BD_Alumnos!$A:$BA, 30, FALSE)="Logrado", " ● ", VLOOKUP($C$4, BD_Alumnos!$A:$BA, 30, FALSE)="En proceso", " ● ", VLOOKUP($C$4, BD_Alumnos!$A:$BA, 30, FALSE)="Requiere apoyo", " ● ", TRUE, "-")) -> - | C22: Orden por proyecto: | E22: =IF(ISBLANK($C$4), "", IFS(VLOOKUP($C$4, BD_Alumnos!$A:$BA, 35, FALSE)="Logrado", " ● ", VLOOKUP($C$4, BD_Alumnos!$A:$BA, 35, FALSE)="En proceso", " ● ", VLOOKUP($C$4, BD_Alumnos!$A:$BA, 35, FALSE)="Requiere apoyo", " ● ", TRUE, "-")) -> -
A23: Uso Mayúsculas/minúsculas: | B23: =IF(ISBLANK($C$4), "", IFS(VLOOKUP($C$4, BD_Alumnos!$A:$BA, 31, FALSE)="Logrado", " ● ", VLOOKUP($C$4, BD_Alumnos!$A:$BA, 31, FALSE)="En proceso", " ● ", VLOOKUP($C$4, BD_Alumnos!$A:$BA, 31, FALSE)="Requiere apoyo", " ● ", TRUE, "-")) -> - | C23: Respeta margen: | E23: =IF(ISBLANK($C$4), "", IFS(VLOOKUP($C$4, BD_Alumnos!$A:$BA, 36, FALSE)="Logrado", " ● ", VLOOKUP($C$4, BD_Alumnos!$A:$BA, 36, FALSE)="En proceso", " ● ", VLOOKUP($C$4, BD_Alumnos!$A:$BA, 36, FALSE)="Requiere apoyo", " ● ", TRUE, "-")) -> -
A25: 3. HABILIDADES BÁSICAS: LECTURA Y MATEMÁTICAS
A26: LECTURA | C26: MATEMÁTICAS
A27: Palabras por min. (PPM): | B27: =IF(ISBLANK($C$4), "", IFERROR(VLOOKUP($C$4, BD_Alumnos!$A:$BA, 37, FALSE), "")) | C27: Suma: | E27: =IF(ISBLANK($C$4), "", IFS(VLOOKUP($C$4, BD_Alumnos!$A:$BA, 39, FALSE)="Logrado", " ● ", VLOOKUP($C$4, BD_Alumnos!$A:$BA, 39, FALSE)="En proceso", " ● ", VLOOKUP($C$4, BD_Alumnos!$A:$BA, 39, FALSE)="Requiere apoyo", " ● ", TRUE, "-")) -> -
A28: Diagnóstico de Velocidad: | B28: =IF(ISBLANK($C$4), "", IF(VLOOKUP($C$4, BD_Alumnos!$A:$BA, 37, FALSE)="", "-", IFS(VLOOKUP($C$4, BD_Alumnos!$A:$BA, 2, FALSE)="4°", IFS(VLOOKUP($C$4, BD_Alumnos!$A:$BA, 37, FALSE)>114, "AVANZADO", VLOOKUP($C$4, BD_Alumnos!$A:$BA, 37, FALSE)>=100, "ESTÁNDAR", VLOOKUP($C$4, BD_Alumnos!$A:$BA, 37, FALSE)>=86, "CERCANO AL ESTÁNDAR", TRUE, "REQUIERE APOYO EN CASA"), VLOOKUP($C$4, BD_Alumnos!$A:$BA, 2, FALSE)="5°", IFS(VLOOKUP($C$4, BD_Alumnos!$A:$BA, 37, FALSE)>124, "AVANZADO", VLOOKUP($C$4, BD_Alumnos!$A:$BA, 37, FALSE)>=115, "ESTÁNDAR", VLOOKUP($C$4, BD_Alumnos!$A:$BA, 37, FALSE)>=100, "CERCANO AL ESTÁNDAR", TRUE, "REQUIERE APOYO EN CASA"), VLOOKUP($C$4, BD_Alumnos!$A:$BA, 2, FALSE)="6°", IFS(VLOOKUP($C$4, BD_Alumnos!$A:$BA, 37, FALSE)>134, "AVANZADO", VLOOKUP($C$4, BD_Alumnos!$A:$BA, 37, FALSE)>=125, "ESTÁNDAR", VLOOKUP($C$4, BD_Alumnos!$A:$BA, 37, FALSE)>=115, "CERCANO AL ESTÁNDAR", TRUE, "REQUIERE APOYO EN CASA"), TRUE, "Falta especificar Grado en BD"))) -> - | C28: Resta: | E28: =IF(ISBLANK($C$4), "", IFS(VLOOKUP($C$4, BD_Alumnos!$A:$BA, 40, FALSE)="Logrado", " ● ", VLOOKUP($C$4, BD_Alumnos!$A:$BA, 40, FALSE)="En proceso", " ● ", VLOOKUP($C$4, BD_Alumnos!$A:$BA, 40, FALSE)="Requiere apoyo", " ● ", TRUE, "-")) -> -
A29: Comprensión: | B29: =IF(ISBLANK($C$4), "", IFERROR(VLOOKUP($C$4, BD_Alumnos!$A:$BA, 38, FALSE), "")) | C29: Multiplicación: | E29: =IF(ISBLANK($C$4), "", IFS(VLOOKUP($C$4, BD_Alumnos!$A:$BA, 41, FALSE)="Logrado", " ● ", VLOOKUP($C$4, BD_Alumnos!$A:$BA, 41, FALSE)="En proceso", " ● ", VLOOKUP($C$4, BD_Alumnos!$A:$BA, 41, FALSE)="Requiere apoyo", " ● ", TRUE, "-")) -> -
C30: División: | E30: =IF(ISBLANK($C$4), "", IFS(VLOOKUP($C$4, BD_Alumnos!$A:$BA, 42, FALSE)="Logrado", " ● ", VLOOKUP($C$4, BD_Alumnos!$A:$BA, 42, FALSE)="En proceso", " ● ", VLOOKUP($C$4, BD_Alumnos!$A:$BA, 42, FALSE)="Requiere apoyo", " ● ", TRUE, "-")) -> -
C31: Fracciones: | E31: =IF(ISBLANK($C$4), "", IFS(VLOOKUP($C$4, BD_Alumnos!$A:$BA, 43, FALSE)="Logrado", " ● ", VLOOKUP($C$4, BD_Alumnos!$A:$BA, 43, FALSE)="En proceso", " ● ", VLOOKUP($C$4, BD_Alumnos!$A:$BA, 43, FALSE)="Requiere apoyo", " ● ", TRUE, "-")) -> -
C32: Tablas de multiplicar: | E32: =IF(ISBLANK($C$4), "", IFS(VLOOKUP($C$4, BD_Alumnos!$A:$BA, 44, FALSE)="Logrado", " ● ", VLOOKUP($C$4, BD_Alumnos!$A:$BA, 44, FALSE)="En proceso", " ● ", VLOOKUP($C$4, BD_Alumnos!$A:$BA, 44, FALSE)="Requiere apoyo", " ● ", TRUE, "-")) -> -
C33: Lectura de cantidades: | E33: =IF(ISBLANK($C$4), "", IFS(VLOOKUP($C$4, BD_Alumnos!$A:$BA, 45, FALSE)="Logrado", " ● ", VLOOKUP($C$4, BD_Alumnos!$A:$BA, 45, FALSE)="En proceso", " ● ", VLOOKUP($C$4, BD_Alumnos!$A:$BA, 45, FALSE)="Requiere apoyo", " ● ", TRUE, "-")) -> -
C34: Problemas matemáticos: | E34: =IF(ISBLANK($C$4), "", IFS(VLOOKUP($C$4, BD_Alumnos!$A:$BA, 46, FALSE)="Logrado", " ● ", VLOOKUP($C$4, BD_Alumnos!$A:$BA, 46, FALSE)="En proceso", " ● ", VLOOKUP($C$4, BD_Alumnos!$A:$BA, 46, FALSE)="Requiere apoyo", " ● ", TRUE, "-")) -> -
A36: 4. OBSERVACIONES DEL DOCENTE
A37: TRABAJO DIARIO: | B37: =IF(ISBLANK($C$4), "", IFERROR(VLOOKUP($C$4, BD_Alumnos!$A:$BA, 47, FALSE), ""))
A39: FORTALEZAS | C39: ÁREAS DE OPORTUNIDAD
A40: =IF(ISBLANK($C$4), "", IFERROR(VLOOKUP($C$4, BD_Alumnos!$A:$BA, 48, FALSE), "")) | C40: =IF(ISBLANK($C$4), "", IFERROR(VLOOKUP($C$4, BD_Alumnos!$A:$BA, 49, FALSE), ""))
A47: __________________________________ | C47: __________________________________
A48: Firma del Docente | C48: Firma del Padre o Tutor
